{"1901": {"dimension": {"depth": "20\u201904\u2033\u2018", "height": "12\u20198\u2033", "width": "18\u20195\u2033"}, "area": {"firstFloor": "375 sq/ft"}, "ceiling": {"mainCeiling": "8\u20196\u2033"}, "roof": {"roofFraming": "Conventional", "primaryPitch": "4:12", "roofType": "Composition shingle"}, "exteriorWallFraming": {"exteriorWallFinish": "Siding", "framing": "2\u2033x6\u2033"}, "loftFeatures": ["Closet"], "kitchenFeatures": ["Small Kitchen"], "rooms": {"loft": "width 9\u2032 3\u2033 x depth 19\u2032 4\u2033", "closet": "width 2\u2032 4\u2033 x depth 8\u2032 7\u2033", "bathroom": "width 5\u2032 1\u2033 x depth 8\u2032 7\u2033", "kitchen": "width 8\u2032 2 x depth 10\u2032 5\u2033"}}, "1902": {"dimension": {"depth": "19\u203303\u2032", "height": "12\u20195\u2033", "width": "20\u201901\u201d"}, "area": {"firstFloor": "403 sq/ft"}, "ceiling": {"mainCeiling": "8\u20196\u2033"}, "roof": {"roofFraming": "Conventional", "primaryPitch": "4:12", "roofType": "Composition shingle"}, "exteriorWallFraming": {"exteriorWallFinish": "Siding", "framing": "2\u2033x6\u2033"}, "loftFeatures": ["Closet"], "kitchenFeatures": ["Small Kitchen"], "rooms": {"loft": "width 8\u2032 8\u2033 x depth 19\u2032 3\u2033", "closet": "width 2\u2032 4\u2033 x depth 7\u2032 1\u2033", "bathroom": "width 7\u2032 6\u2033 x depth 7\u2032 1\u2033", "kitchen": "width 10\u2032 7 x depth 11\u2032 10\u2033"}}, "1903": {"dimension": {"depth": "25\u201903\u2033\u2018", "height": "13\u20193\u2033", "width": "38\u20196\u2033"}, "area": {"firstFloor": "972 sq/ft"}, "ceiling": {"mainCeiling": "8\u20196\u2033"}, "roof": {"roofFraming": "Conventional", "primaryPitch": "4:12", "roofType": "Composition shingle"}, "exteriorWallFraming": {"exteriorWallFinish": "Siding\u00a0\u00a0\u00a0\u00a0\u00a0\u00a0\u00a0\u00a0\u00a0\u00a0\u00a0\u00a0\u00a0\u00a0\u00a0\u00a0 Exterior Wall Finish : Stone Panel Gray Rock", "framing": "2\u2033x6\u2033"}, "loftFeatures": ["Entry , Porch, Laundry"], "kitchenFeatures": ["Full appliences"], "rooms": {"livingRoom": "width 12\u2032 0\u2033 x depth 9\u2032 9\u2033", "diningRoom": "width 12\u2032 0\u2033 x depth 9\u2032 9\u2033", "bathroom": "width 5\u2032 0\u2033 x depth 9\u2032 0\u2033", "kitchen": "width 7\u2032 3\u2033 x depth 11\u2032 5\u2033", "bedroom1": "width 12\u2032 9\u2033 x depth 9\u2032 5\u2033", "bedroom2": "width 12\u2032 9\u2033 x depth 9\u2032 5\u2033", "porch2": "width 22\u2032 4\u2033 x depth 5\u2032 0\u2033"}}, "1904": {"dimension": {"depth": "20\u201900\u2033\u2018", "height": "12\u201905\u201d", "width": "29\u201900\u201d"}, "area": {"firstFloor": "580 sq/ft"}, "ceiling": {"mainCeiling": "8\u20196\u2033"}, "roof": {"roofFraming": "Conventional", "primaryPitch": "4:12", "roofType": "Composition shingle"}, "exteriorWallFraming": {"exteriorWallFinish": "stuccu", "framing": "2\u2033x6\u2033"}, "additionalRoomFeatures": ["Den"], "garageFeatures": ["no"], "rooms": {"bedroom1": "width 12\u201908\u201d x depth 9\u201904\u201d", "den": "width 8\u201911\u201d x depth 9\u2032 05\u2033", "livingRoom": "width 12\u201905\u201d x depth 12\u2032 09\u2033", "kitchen": "width 9\u201905\u201d x depth 6\u2032 05\u2033"}}, "1905": {"dimension": {"depth": "26\u201907\u2033\u2018", "height": "13\u201901\u201d", "width": "21\u201904\u201d"}, "area": {"firstFloor": "421 sq/ft"}, "ceiling": {"mainCeiling": "8\u20196\u2033"}, "roof": {"roofFraming": "Conventional", "primaryPitch": "4:12", "roofType": "Composition shingle"}, "exteriorWallFraming": {"exteriorWallFinish": "stuccu / wood", "framing": "2\u2033x6\u2033"}, "bedroomFeatures": ["Split Bedrooms", "Walk In Closet"], "additionalRoomFeatures": ["Entry Porch"], "garageFeatures": ["no"], "rooms": {"bedroom1": "width 10\u201900\u201d x depth 10\u201901\u201d", "livingRoom": "width 10\u201903\u201d x depth 10\u2032 11\u2033", "kitchen": "width 10\u201903\u201d x depth 8\u2032 00\u2033"}}, "1906": {"dimension": {"depth": "14\u2032", "height": "20\u2032", "width": "36\u2032"}, "area": {"firstFloor": "504 sq/ft", "secondFloor": "168 sq/ft", "total": "672 sq/ ft"}, "ceiling": {"mainCeiling": "18\u2032"}, "roof": {"roofFraming": "Conventional", "primaryPitch": "3:12", "roofType": "Metallic Roof"}, "exteriorWallFraming": {"exteriorWallFinish": "metallic / wood", "framing": "2\u2033x6\u2033"}, "loft": ["168 sq. ft."], "kitchenFeatures": ["Full Kitchen"], "additionalRoomFeatures": ["Laundry / Exterior deck"], "rooms": {"loft": "width 11\u20196\u2033 x depth 13\u20191\u2033", "greatRoom": "width 13\u201910\u201d x depth 13\u201901\u201d", "kitchen": "width 13\u20196\u2033 x depth 10\u20190\u2033"}}, "1907": {"dimension": {"depth": "18\u201900\u2033\u2018", "height": "11\u201910\u201d", "width": "17\u201900\u201d"}, "area": {"firstFloor": "306 sq/ft"}, "ceiling": {"mainCeiling": "8\u20196\u2033"}, "roof": {"roofFraming": "Conventional", "primaryPitch": "4:12", "roofType": "Composition shingle"}, "exteriorWallFraming": {"exteriorWallFinish": "stuccu / clay brick", "framing": "2\u2033x6\u2033"}, "kitchenFeatures": ["Full Kitchen"], "rooms": {"livingSpace": "width 8\u20192\u2033 x depth 14\u20197\u2033", "kitchen": "width 7\u201910\u201d x depth 10\u201900\u201d"}}, "1908": {"dimension": {"depth": "21\u201900\u2033\u2018", "height": "13\u201905\u201d", "width": "20\u201900\u201d"}, "area": {"firstFloor": "420 sq/ft"}, "ceiling": {"mainCeiling": "Vaulted Celing"}, "roof": {"roofFraming": "Conventional", "primaryPitch": "2:12", "roofType": "Composition shingle"}, "exteriorWallFraming": {"exteriorWallFinish": "stuccu / wood", "framing": "2\u2033x6\u2033"}, "kitchenFeatures": ["Full kitchen"], "rooms": {"livingSpace": "width 11\u201902\u201d x depth 19\u2032", "den": "width 10\u2032 x depth 10\u2032", "kitchen": "width 8\u201910\u201d x depth 11\u2032 8\u2033"}}, "1909": {"dimension": {"depth": "20\u201900\u2033\u2018", "height": "12\u20196\u2033", "width": "21\u20190\u2033"}, "area": {"firstFloor": "420 sq/ft"}, "ceiling": {"mainCeiling": "8\u20196\u2033"}, "roof": {"roofFraming": "Conventional", "primaryPitch": "1:12", "roofType": "Membrane"}, "exteriorWallFraming": {"exteriorWallFinish": "Wood Siding", "framing": "2\u2033x6\u2033"}, "kitchenFeatures": ["Full Kitchen"], "rooms": {"livingSpace": "width 12\u2032 01\u2033 x depth 10\u2032 4\u2033", "kitchen": "width 20\u2032 00\u2033 x depth 8\u2032 9\u2033"}}, "1910": {"dimension": {"depth": "21\u201900\u2033\u2018", "height": "13\u201905\u201d", "width": "20\u201900\u201d"}, "area": {"firstFloor": "420 sq/ft"}, "ceiling": {"mainCeiling": "Vaulted Celing"}, "roof": {"roofFraming": "Conventional", "primaryPitch": "2:12", "roofType": "Composition shingle"}, "exteriorWallFraming": {"exteriorWallFinish": "Vertical siding\u00a0 / teck\u00a0 wood", "framing": "2\u2033x6\u2033"}, "kitchenFeatures": ["Full kitchen"], "rooms": {"livingSpace": "width 11\u201902\u201d x depth 19\u2032", "den": "width 10\u2032 x depth 10\u2032", "kitchen": "width 8\u201910\u201d x depth 11\u2032 8\u2033"}}, "1911": {"dimension": {"depth": "22\u201904\u2033\u2018", "height": "21\u201903\u201d", "width": "20\u201902\u201d"}, "area": {"firstFloor": "409 sq/ft\u00a0\u00a0\u00a0\u00a0\u00a0\u00a0\u00a0\u00a0\u00a0\u00a0\u00a0\u00a0\u00a0\u00a0\u00a0\u00a0\u00a0\u00a0\u00a0\u00a0\u00a0\u00a0\u00a0 Second Floor: 373 sq/ft"}, "ceiling": {"1stFloorCeiling": "8\u20193\u2032\u00a0\u00a0\u00a0\u00a0\u00a0\u00a0\u00a0\u00a0\u00a0\u00a0\u00a0\u00a0\u00a0\u00a0\u00a0\u00a0\u00a0\u00a0\u00a0\u00a0\u00a0\u00a0\u00a0\u00a0\u00a0\u00a0\u00a0\u00a0\u00a0 2nd floor Ceiling : 8\u20196\u2032"}, "roof": {"roofFraming": "Conventional", "primaryPitch": "3:12", "roofType": "Composition shingle"}, "exteriorWallFraming": {"exteriorWallFinish": "stuccu", "framing": "2\u2033x6\u2033"}, "bedroomFeatures": ["Laundry room", "Walk In Closet"], "kitchenFeatures": ["Full Kitchen"], "additionalRoomFeatures": ["Balcony"], "rooms": {"bedroom1": "width 13\u201904\u201d x depth 12\u20199\u2033", "diningRoom": "width 7\u201911\u201d x depth 8\u2032 3\u2033", "livingRoom": "width 16\u2032 9\u2033 x depth 10\u2032", "kitchen": "width 11\u201905\u201d x depth 8\u2032 3\u2033"}}, "1912": {"dimension": {"depth": "22\u201904\u2033\u2018", "height": "21\u201903\u201d", "width": "20\u201902\u201d"}, "area": {"firstFloor": "409 sq/ft", "secondFloor": "373 sq/ft"}, "ceiling": {"1stFloorCeiling": "8\u20193\u2032", "2ndFloorCeiling": "8\u20196\u2032"}, "roof": {"roofFraming": "Conventional", "primaryPitch": "3:12", "roofType": "Composition shingle"}, "exteriorWallFraming": {"exteriorWallFinish": "Brick / Siding", "framing": "2\u2033x6\u2033"}, "bedroomFeatures": ["Laundry room", "Walk In Closet"], "kitchenFeatures": ["Full Kitchen"], "additionalRoomFeatures": ["Balcony"], "rooms": {"bedroom1": "width 13\u201904\u201d x depth 12\u20199\u2033", "diningRoom": "width 7\u201911\u201d x depth 8\u2032 3\u2033", "livingRoom": "width 16\u2032 9\u2033 x depth 10\u2032", "kitchen": "width 11\u201905\u201d x depth 8\u2032 3\u2033"}}, "1913": {"dimension": {"depth": "22\u201904\u2033\u2018", "height": "21\u201903\u201d", "width": "20\u201902\u201d"}, "area": {"firstFloor": "409 sq/ft Second Floor: 373 sq/ft"}, "ceiling": {"1stFloorCeiling": "8\u20193\u2032 2nd floor Ceiling : 8\u20196\u2032"}, "roof": {"roofFraming": "Conventional", "primaryPitch": "3:12", "roofType": "Composition shingle"}, "exteriorWallFraming": {"eteriorWallFinish": "Stuccu / Siding", "framing": "2\u2033x6\u2033"}, "bedroomFeatures": ["Laundry room", "Walk In Closet"], "kitchenFeatures": ["Full Kitchen"], "additionalRoomFeatures": ["Balcony"], "rooms": ["Bedroom 1", "", "width 13\u201904\u201d x depth 12\u20199\u2033", "Dining Room", "", "width 7\u201911\u201d x depth 8\u2032 3\u2033", "Living Room", "", "width 16\u2032 9\u2033 x depth 10\u2032", "Kitchen", "", "width 11\u201905\u201d x depth 8\u2032 3\u2033"]}, "1914": {"dimension": {"depth": "22\u201906\u2033\u2018", "height": "13\u201901\u201d", "width": "20\u201902\u201d"}, "area": {"firstFloor": "550 sq/ft"}, "ceiling": {"1stFloorCeiling": "8\u20196\u2032"}, "roof": {"roofFraming": "Conventional", "primaryPitch": "4:12", "roofType": "Composition shingle"}, "exteriorWallFraming": {"exteriorWallFinish": "Siding", "framing": "2\u2033x6\u2033"}, "bedroomFeatures": ["Walk In Closet"], "kitchenFeatures": ["Full Kitchen"], "additionalRoomFeatures": ["\u2013"], "rooms": ["Bedroom 1", "", "width 11\u201905\u201d x depth 11\u201911\u201d", "Walk in Closet", "", "width 5\u201911\u201d x depth 9\u2032 3\u2033", "Bathroom", "", "width 5\u201901\u201d x depth 9\u2032 3\u2033", "Living Room", "", "width 11\u2032 9\u2033 x depth 11\u201908\u201d", "Kitchen", "", "width 11\u201909\u201d x depth 9\u2032 10\u2033"]}, "1915": {"dimension": {"depth": "20\u201900\u2033\u2018", "height": "12\u201906\u201d", "width": "31\u201906\u201d"}, "area": {"firstFloor": "632 sq/ft"}, "ceiling": ["Vaulted"], "roof": {"roofFraming": "Conventional", "primaryPitch": "4:12", "roofType": "Composition shingle"}, "exteriorWallFraming": {"exteriorWallFinish": "Stucco", "framing": "2\u2033x6\u2033"}, "bedroomFeatures": ["Walk In Closet"], "kitchenFeatures": ["Full Kitchen"], "rooms": ["Bedroom 1", "", "width 10\u2032\u201d x depth 8\u201911\u201d", "Bedroom 2", "", "width 11\u201901\u201d x depth 9\u201911\u201d", "Bathroom", "", "width 9\u2032 9\u2033 x depth 5\u2032 2\u2033", "Living Room", "", "width 8\u2032 11\u2033 x depth 13\u201909\u201d", "Kitchen", "", "width 7\u20199\u2033 x depth 14\u2032 4\u2033"]}}